{"cameraMode":{"drawMode":0,"name":"Shaded","section":"Shading Mode"},"sceneLighting":false,"audioPlay":false,"sceneViewState":{"showFog":true,"showMaterialUpdate":false,"showSkybox":false,"showFlares":true,"showImageEffects":true,"showParticleSystems":true},"in2DMode":false,"pivot":{"x":0.38434964418411257,"y":-0.25877845287323,"z":0.0030831098556518556},"rotation":{"x":-0.1296280473470688,"y":0.8664084076881409,"z":-0.3825685679912567,"w":-0.29357436299324038},"size":1.8389136791229249,"orthographic":false}